Person 2,English,2024-02-14 09:19:22,Present
Person 3,English,2024-02-14 09:19:23,Present
Person 4,English,2024-02-14 09:19:25,Present
Person 6,English,2024-02-14 09:19:32,Present
Person 1,English,2024-02-14 09:28:45,Present
Person 2,English,2024-02-14 09:28:49,Present
Person 3,English,2024-02-14 09:28:50,Present
Person 4,English,2024-02-14 09:28:52,Present
Person 6,English,2024-02-14 09:28:59,Present
Person 2,Hindi,2024-02-14 09:30:50,Present
Person 3,Hindi,2024-02-14 09:30:51,Present
Person 4,Hindi,2024-02-14 09:30:54,Present
Person 6,Hindi,2024-02-14 09:31:01,Present
Person 1,English,2024-02-14 09:33:41,Present
Person 1,English,2024-02-14 09:37:44,Present
Person 1,English,2024-02-14 09:45:05,Present
Person 2,English,2024-02-14 09:53:57,Present
Person 1,English,2024-02-14 09:59:23,Present
Person 2,Hindi,2024-02-14 10:02:58,Present
Person 2,Hingi,2024-02-14 10:04:01,Present
Person 2,English,2024-02-14 10:05:45,Present
